{
    "X:BTCUSD": {
      "currentDay": {
        "v": 10627.684578734792,
        "vw": 97650.215,
        "o": 97795.06,
        "c": 96638.33,
        "h": 99230.49,
        "l": 96161.01,
        "t": 1738713600000,
        "n": 613232
      },
      "previousDay": {
        "v": 18233.379262074453,
        "vw": 99019.9718,
        "o": 101460.15,
        "c": 97795.05,
        "h": 101812.23,
        "l": 96127,
        "t": 1738627200000,
        "n": 834134
      },
      "change": -1.1828001519504323
    },
    "X:ETHUSD": {
      "currentDay": {
        "v": 227161.80868706817,
        "vw": 2760.5871,
        "o": 2732.07,
        "c": 2788.3,
        "h": 2827.94,
        "l": 2699.6,
        "t": 1738713600000,
        "n": 570023
      },
      "previousDay": {
        "v": 421366.70439686,
        "vw": 2768.3169,
        "o": 2883.04,
        "c": 2732.07,
        "h": 2892.22,
        "l": 2632.2,
        "t": 1738627200000,
        "n": 843140
      },
      "change": 2.0581463871716323
    },
    "X:ADAUSD": {
      "currentDay": {
        "v": 6016737.819813878,
        "vw": 0.7494,
        "o": 0.744362,
        "c": 0.732512,
        "h": 0.775636,
        "l": 0.72583,
        "t": 1738713600000,
        "n": 6212
      },
      "previousDay": {
        "v": 146054124.62295064,
        "vw": 0.7611,
        "o": 0.8127,
        "c": 0.7439,
        "h": 0.8209,
        "l": 0.71426,
        "t": 1738627200000,
        "n": 217391
      },
      "change": -1.530850920822685
    },
    "X:SOLUSD": {
      "currentDay": {
        "v": 246965.5968120783,
        "vw": 200.9944,
        "o": 206.71,
        "c": 195.94,
        "h": 209.48,
        "l": 195.12,
        "t": 1738713600000,
        "n": 24652
      },
      "previousDay": {
        "v": 2292143.695560962,
        "vw": 210.6164,
        "o": 216.48,
        "c": 206.7,
        "h": 220.14,
        "l": 202.08,
        "t": 1738627200000,
        "n": 686271
      },
      "change": -5.205611998064824
    }
  }