{
  "C:USDEUR": {
    "currentDay": {
      "v": 88759,
      "vw": 0.9609,
      "o": 0.96407,
      "c": 0.96163,
      "h": 0.96431,
      "l": 0.95727,
      "t": 1738713600000,
      "n": 88759
    },
    "previousDay": {
      "v": 94896,
      "vw": 0.9669,
      "o": 0.96816,
      "c": 0.96414,
      "h": 0.97345,
      "l": 0.9624,
      "t": 1738627200000,
      "n": 94896
    },
    "change": -0.2603356359035008
  },
  "C:USDKRW": {
    "currentDay": {
      "v": 78719,
      "vw": 1445.651,
      "o": 1446.02,
      "c": 1444.28,
      "h": 1454.45,
      "l": 1436.21,
      "t": 1738713600000,
      "n": 78719
    },
    "previousDay": {
      "v": 81338,
      "vw": 1456.2018,
      "o": 1459.02,
      "c": 1450.59,
      "h": 1466.8,
      "l": 1447,
      "t": 1738627200000,
      "n": 81338
    },
    "change": -0.422037278657303
  },
  "C:USDGBP": {
    "currentDay": {
      "v": 71067,
      "vw": 0.7995,
      "o": 0.80151,
      "c": 0.7998,
      "h": 0.80231,
      "l": 0.7967,
      "t": 1738713600000,
      "n": 71067
    },
    "previousDay": {
      "v": 81206,
      "vw": 0.8039,
      "o": 0.80423,
      "c": 0.80151,
      "h": 0.80772,
      "l": 0.80013,
      "t": 1738627200000,
      "n": 81206
    },
    "change": -0.21334730695811524
  },
  "C:USDJPY": {
    "currentDay": {
      "v": 166239,
      "vw": 152.9068,
      "o": 154.126,
      "c": 152.639,
      "h": 154.354,
      "l": 152.11,
      "t": 1738713600000,
      "n": 166239
    },
    "previousDay": {
      "v": 147907,
      "vw": 154.9507,
      "o": 155.245,
      "c": 154.127,
      "h": 155.521,
      "l": 154.029,
      "t": 1738627200000,
      "n": 147907
    },
    "change": -0.9654375936727501
  }
}